"Id","Name","Dungeon"
"lastest_version","1130",""
"release_notes","自動更新時に更新内容を表示するように変更",""
"128","リムサ・ロミンサ：上甲板層",""
"129","リムサ・ロミンサ：下甲板層",""
"130","ウルダハ：ナル回廊",""
"131","ウルダハ：ザル回廊",""
"132","グリダニア：新市街",""
"133","グリダニア：旧市街",""
"134","中央ラノシア",""
"135","低地ラノシア",""
"136","ミスト・ヴィレッジ",""
"137","東ラノシア",""
"138","西ラノシア",""
"139","高地ラノシア",""
"140","西ザナラーン",""
"141","中央ザナラーン",""
"142","アマジナ杯闘技会決勝戦","True"
"143","皇都イシュガルド防衛戦","True"
"144","マンダヴィル・ゴールドソーサー",""
"145","東ザナラーン",""
"146","南ザナラーン",""
"147","北ザナラーン",""
"148","黒衣森：中央森林",""
"149","ウルヴズジェイル演習場",""
"150","幻龍残骸 黙約の塔","True"
"151","クリスタルタワー：闇の世界",""
"152","黒衣森：東部森林",""
"153","黒衣森：南部森林",""
"154","黒衣森：北部森林",""
"155","クルザス中央高地",""
"156","モードゥナ",""
"157","天然要害 サスタシャ侵食洞","True"
"158","奪還支援 ブレイフロクスの野営地","True"
"159","旅神聖域 ワンダラーパレス","True"
"160","怪鳥巨塔 シリウス大灯台","True"
"161","封鎖坑道 カッパーベル銅山","True"
"162","魔獣領域 ハラタリ修練所","True"
"163","遺跡探索 カルン埋没寺院","True"
"164","地下霊殿 タムタラの墓所","True"
"166","名門屋敷 ハウケタ御用邸","True"
"167","邪教排撃 古城アムダプール","True"
"168","城塞攻略 ストーンヴィジル","True"
"169","監獄廃墟 トトラクの千獄","True"
"170","流砂迷宮 カッターズクライ","True"
"171","掃討作戦 ゼーメル要塞","True"
"172","霧中行軍 オーラムヴェイル","True"
"174","クリスタルタワー：古代の民の迷宮","True"
"175","ザ・フォールド (Lv30)","True"
"176","モルディオン監獄",""
"177","宿屋「ミズンマスト」",""
"178","宿屋「砂時計亭」",""
"179","旅館「とまり木」",""
"180","外地ラノシア",""
"181","リムサ・ロミンサ",""
"182","ウルダハ",""
"183","グリダニア",""
"184","ザ・フォールド (Lv50 1～3人用)","True"
"186","ザ・フォールド (Lv50 4人専用)","True"
"188","武装聖域 ワンダラーパレス (Hard)","True"
"189","邪念排撃 古城アムダプール (Hard)","True"
"190","彷徨う死霊を討て！","True"
"191","有毒妖花を駆除せよ！","True"
"192","無法者「似我蜂団」を撃滅せよ！","True"
"193","大迷宮バハムート：真成編1","True"
"194","大迷宮バハムート：真成編2","True"
"195","大迷宮バハムート：真成編3","True"
"196","大迷宮バハムート：真成編4","True"
"198","アドミラルブリッジ：提督室",""
"202","イフリート討伐戦","True"
"204","神勇隊司令室",""
"205","不語仙の座卓",""
"206","タイタン討伐戦",""
"207","善王モグル・モグXII世討滅戦","True"
"208","ガルーダ討伐戦","True"
"210","銀冑団総長室",""
"212","砂の家",""
"214","集団戦訓練をくぐり抜けろ！","True"
"215","全関門を突破し、最深部の敵を討て！","True"
"216","ギルガメを捕獲せよ！","True"
"217","外郭攻略 カストルム・メリディアヌム","True"
"219","爆弾魔ゴブリン軍団を撃滅せよ！","True"
"220","夢幻のブラキシオを討て！","True"
"221","汚染源モルボルを討て！","True"
"222","坑道に現れた妖異プソを討て！","True"
"223","無敵の眷属を従えし、大型妖異を討て！","True"
"224","最終決戦 魔導城プラエトリウム","True"
"225","ウォーレン牢獄の影","True"
"226","大樹で蠢く闇の鼓動","True"
"227","守るべきぬくもり","True"
"228","シルヴェルの弓術","True"
"229","闇に放たれし矢","True"
"230","霧の中の岐路","True"
"231","迷い無き瞳","True"
"232","犯人をとっちめろ！","True"
"233","不審者を追って","True"
"234","水の試練","True"
"235","やっと、わかったよ","True"
"236","迷い無き瞳","True"
"237","蛮勇の槍術士","True"
"238","命運分かつ槍","True"
"239","勇気の証明","True"
"240","勇気の証明","True"
"241","大迷宮バハムート：邂逅編1","True"
"242","大迷宮バハムート：邂逅編2","True"
"243","大迷宮バハムート：邂逅編3","True"
"244","大迷宮バハムート：邂逅編4","True"
"245","大迷宮バハムート：邂逅編5",""
"246","ラグナロク級四番艦：第一艦橋",""
"247","第一艦橋",""
"248","成功の表と裏","True"
"249","ヴィクトリー号炎上","True"
"250","ウルヴズジェイル係船場","True"
"251","拳の聖人","True"
"252","シーソング石窟に潜む者","True"
"253","剣閃は槍を折る","True"
"254","矢衾から見える勝機","True"
"255","闇に蠢くものたち","True"
"256","果たし合う剣と拳","True"
"257","ナルザルの双剣","True"
"258","闘魂の行方","True"
"259","闘魂に火をつけろ","True"
"260","燃える明星、駆ける流星","True"
"261","拳の聖人","True"
"262","豪傑の試練と務め","True"
"263","移動山脈クジャタ","True"
"264","乗り越えるべき壁","True"
"265","宿縁を断ち切る日","True"
"266","猛り狂う危機","True"
"267","取り囲まれる危機","True"
"268","深淵に射す光","True"
"269","臆病者の牙","True"
"270","ササガン大王樹の下で","True"
"271","至宝の影で蠢く闇","True"
"272","裏切りの代償","True"
"273","正義を銅の刃に宿し","True"
"274","カッパーベルで消える夢","True"
"275","猛る焔神イフリート","True"
"276","次元の狭間：迎賓室",""
"277","我が行く道は‥‥(黒渦団)","True"
"278","我が行く道は‥‥(不滅隊)","True"
"279","我が行く道は‥‥(双蛇党)","True"
"280","スウィフトパーチで蠢く闇","True"
"281","真リヴァイアサン討滅戦","True"
"282","ミスト・ヴィレッジ：コテージ",""
"283","ミスト・ヴィレッジ：ハウス",""
"284","ミスト・ヴィレッジ：レジデンス",""
"285","戦術策定の鍵","True"
"286","無残なる臨検戦術","True"
"287","一途なる挟撃戦術","True"
"288","巴術最大級命題の証明","True"
"289","風の試練","True"
"290","命運分かつ槍","True"
"291","こころは森に惑う","True"
"292","真イフリート討滅戦","True"
"293","真タイタン討滅戦","True"
"294","真ガルーダ討滅戦","True"
"295","極イフリート討滅戦","True"
"296","極タイタン討滅戦","True"
"297","極ガルーダ討滅戦","True"
"298","ボムを率いる「ボムクイーン」を討て！","True"
"299","不気味な陣形を組む妖異をせん滅せよ！","True"
"300","三つ巴の巨人族を制し、遺物を守れ！","True"
"301","異端は魔女の谷に消ゆ","True"
"302","竜の力、戦いの歴史","True"
"303","クラクシオの決意","True"
"304","炉には炎を、回せ歯車","True"
"305","カストルム・セントリからの救出","True"
"306","若き血の暴走","True"
"307","怒りの風車番","True"
"308","魔導アーマーを奪取せよ！","True"
"309","魔導兵器のみる夢","True"
"310","でっかい夢","True"
"311","いちばんの戦士","True"
"312","交わらぬ心慮","True"
"313","かざすは騎士の聖剣","True"
"314","亡国からの雷動","True"
"315","廃王の帰還","True"
"316","蒼の竜騎士","True"
"317","いざないの霧","True"
"318","黒魔法の導き手","True"
"319","偉人の後継者","True"
"320","鎮撫の儀","True"
"321","罪深き愚者","True"
"322","命の賛歌","True"
"323","業火の召喚獣","True"
"324","大地の召喚獣","True"
"325","烈風の召喚獣","True"
"326","邪道と正道","True"
"327","学問ノススメ","True"
"328","怨念の権化","True"
"329","次代の学者","True"
"330","狂気の歌声","True"
"331","暴虐の嵐神ガルーダ","True"
"332","リットアティン強襲戦","True"
"333","ドルムキマイラ討伐戦","True"
"334","ハイドラ討伐戦","True"
"335","カストルム・セントリからの救出","True"
"336","ザ・フォールド (Lv40)","True"
"337","ザ・フォールド (マッチングパーティー専用)","True"
"338","エオルゼア地下空間",""
"339","ミスト・ヴィレッジ",""
"340","ラベンダーベッド",""
"341","ゴブレットビュート",""
"342","ラベンダーベッド：コテージ",""
"343","ラベンダーベッド：ハウス",""
"344","ラベンダーベッド：レジデンス",""
"345","ゴブレットビュート：コテージ",""
"346","ゴブレットビュート：ハウス",""
"347","ゴブレットビュート：レジデンス",""
"348","究極幻想 アルテマウェポン破壊作戦","True"
"349","騒乱坑道 カッパーベル銅山 (Hard)","True"
"350","妖異屋敷 ハウケタ御用邸 (Hard)","True"
"351","石の家",""
"352","ザ・フォールド (固定ライトパーティー専用)","True"
"353","イベント用コンテンツ：1",""
"354","イベント用コンテンツ：2",""
"355","大迷宮バハムート：侵攻編1","True"
"356","大迷宮バハムート：侵攻編2","True"
"357","大迷宮バハムート：侵攻編3","True"
"358","大迷宮バハムート：侵攻編4","True"
"359","極リヴァイアサン討滅戦","True"
"360","剣闘領域 ハラタリ修練所 (Hard)","True"
"361","財宝伝説 ハルブレーカー・アイル","True"
"362","盟友支援 ブレイフロクスの野営地 (Hard)","True"
"363","腐敗遺跡 古アムダプール市街","True"
"364","極王モグル・モグXII世討滅戦","True"
"365","城塞奪回 ストーンヴィジル (Hard)","True"
"366","ギルガメッシュ討伐戦","True"
"367","遺跡救援 カルン埋没寺院 (Hard)","True"
"368","ドルムキマイラ討伐戦","True"
"369","ハイドラ討伐戦","True"
"370","ラグナロク級三番艦：第一艦橋",""
"371","氷結潜窟 スノークローク大氷壁","True"
"372","クリスタルタワー：シルクスの塔","True"
"373","惨劇霊殿 タムタラの墓所 (Hard)","True"
"374","真ラムウ討滅戦","True"
"375","極ラムウ討滅戦","True"
"376","外縁遺跡群 (制圧戦)","True"
"377","真シヴァ討滅戦","True"
"378","極シヴァ討滅戦","True"
"379","立ち上がる意志","True"
"380","大迷宮バハムート零式：侵攻編1","True"
"381","大迷宮バハムート零式：侵攻編2","True"
"382","大迷宮バハムート零式：侵攻編3","True"
"383","大迷宮バハムート零式：侵攻編4","True"
"384","ミスト・ヴィレッジ：プライベートルーム",""
"385","ラベンダーベッド：プライベートルーム",""
"386","ゴブレットビュート：プライベートルーム",""
"387","逆襲要害 サスタシャ浸食洞 (Hard)","True"
"388","チョコボスクウェア",""
"389","チョコボレース：コスタ・デル・ソル",""
"390","チョコボレース：サゴリーロード",""
"391","チョコボレース：トランキルパス",""
"392","十二神大聖堂",""
"393","十二神大聖堂",""
"394","闘神オーディン討滅戦","True"
"395","応接室",""
"396","真ギルガメッシュ討滅戦","True"
"397","クルザス西部高地",""
"398","高地ドラヴァニア",""
"399","低地ドラヴァニア",""
"400","ドラヴァニア雲海",""
"401","アバラシア雲海",""
"402","魔大陸アジス・ラー",""
"403","英雄の帰還","True"
"404","私腹となる名品","True"
"405","黙した悲鳴","True"
"406","金に換わる命","True"
"407","果てに消えた星","True"
"408","暗涙を拭う決意","True"
"409","手を伸ばす先の勝利","True"
"410","峻烈のエリヌ・ロアユ","True"
"411","刃と心で為すがもの","True"
"412","朧と鴉","True"
"413","隠密行動","True"
"414","心の形","True"
"415","雲晴れる夜に","True"
"416","禁書回収 グブラ幻想図書館","True"
"417","チョコボレース：チュートリアル",""
"418","イシュガルド：下層",""
"419","イシュガルド：上層",""
"420","神域浮島 ネバーリープ","True"
"421","強硬突入 イシュガルド教皇庁","True"
"422","外縁遺跡群 (殲滅戦)","True"
"423","ミスト・ヴィレッジ：地下工房",""
"424","ゴブレットビュート：地下工房",""
"425","ラベンダーベッド：地下工房",""
"426","アシエン・ナプリアレス討伐戦","True"
"427","聖アンダリム神学院",""
"428","神殿騎士団総長室",""
"429","旅籠「九つの雲」",""
"430","博物戦艦 フラクタル・コンティニアム","True"
"431","シールロック (争奪戦)","True"
"432","真ラーヴァナ討滅戦","True"
"433","フォルタン家",""
"434","廃砦捜索 ダスクヴィジル","True"
"435","邪龍血戦 ドラゴンズエアリー","True"
"436","真ビスマルク討滅戦","True"
"437","ナイツ・オブ・ラウンド討滅戦","True"
"438","蒼天聖戦 魔科学研究所","True"
"439","ライトフェザー闘技場",""
"440","決闘裁判場","True"
"441","霊峰踏破 ソール・アル","True"
"442","機工城アレキサンダー：起動編1","True"
"443","機工城アレキサンダー：起動編2","True"
"444","機工城アレキサンダー：起動編3","True"
"445","機工城アレキサンダー：起動編4","True"
"446","極ラーヴァナ討滅戦","True"
"447","極ビスマルク討滅戦","True"
"448","蒼天幻想 ナイツ・オブ・ラウンド討滅戦","True"
"449","機工城アレキサンダー零式：起動編1","True"
"450","機工城アレキサンダー零式：起動編2","True"
"451","機工城アレキサンダー零式：起動編3","True"
"452","機工城アレキサンダー零式：起動編4","True"
"453","すべてを護る乱撃","True"
"454","次代の「海兵団」","True"
"455","雲海より現れしもの","True"
"456","蒼天の騎士","True"
"457","円形劇場の激闘","True"
"458","変革への一歩","True"
"459","青き鎧の猛者","True"
"460","ラウバーン奪還作戦","True"
"461","教皇の行方","True"
"462","供物穴",""
"463","マトーヤの洞窟",""
"464","世界の癒し手","True"
"465","破壊と癒し","True"
"466","封印の大要石","True"
"467","正義のために破壊を","True"
"468","暴かれし戦士の秘","True"
"469","浄化の旅へ","True"
"470","飛槍ペレグリン","True"
"471","海辺の襲撃者","True"
"472","漂流！狙撃手の誠心","True"
"473","「幹」土台を築け","True"
"474","「矢」流れに乗れ","True"
"475","「槍」試練に備えよ","True"
"476","運命を切り拓く占星術師","True"
"477","槍に誓う使命","True"
"478","イディルシャイア",""
"479","足跡が導く再会","True"
"480","「水瓶」知恵を得よ","True"
"481","継がれる挑戦","True"
"482","己の信ずるもの","True"
"483","ゼンツァとチャクハ","True"
"484","奇妙な刺客","True"
"485","無手勝流の知人","True"
"486","指南役の試練","True"
"487","栄光の生命線","True"
"488","名誉をかけた模擬戦","True"
"489","照準！俺たちの未来","True"
"490","融雪の雨に","True"
"491","力を統べる者、力を担う者","True"
"492","終焉の戦歌","True"
"493","志すは真の騎士","True"
"494","英雄は往けど","True"
"495","世界は仇なす","True"
"496","大いなる魂","True"
"497","そしてふたつの名は消える","True"
"498","己の聖剣","True"
"499","暗黒は揺らめく","True"
"500","だから僕は","True"
"501","心は遠い空に","True"
"502","残留する力をその身に","True"
"503","闇を打ち消す光を放たん","True"
"504","かいはつしつ",""
"505","ゴルディオス・ノット",""
"506","ロード・オブ・ヴァーミニオン",""
"507","魔大陸中枢",""
"508","魔航船ヴォイドアーク","True"
"509","イベント用コンテンツ：3",""
"510","制圧巨塔 シリウス大灯台 (Hard)","True"
"511","草木庭園 聖モシャーヌ植物園","True"
"512","雲海探索 ディアデム諸島 (Easy)","True"
"513","光と闇の境界","True"
"514","雲海探索 ディアデム諸島",""
"515","雲海探索 ディアデム諸島 (Hard)",""
"516","星海観測 逆さの塔","True"
"517","魔神セフィロト討滅戦","True"
"518","ザ・フィースト (8対8 / マッチングパーティ専用)","True"
"519","神聖遺跡 古アムダプール市街 (Hard)","True"
"520","機工城アレキサンダー：律動編1","True"
"521","機工城アレキサンダー：律動編2","True"
"522","機工城アレキサンダー：律動編3","True"
"523","機工城アレキサンダー：律動編4","True"
"524","極魔神セフィロト討滅戦","True"
"525","ザ・フィースト (4対4 / カジュアルマッチ)","True"
"526","ザ・フィースト (4対4 / 固定ライトパーティ専用)","True"
"527","ザ・フィースト (4対4 / ランクマッチ)","True"
"528","ザ・フィースト (4対4 / 固定ライトパーティ専用)","True"
"529","機工城アレキサンダー零式：律動編1","True"
"530","機工城アレキサンダー零式：律動編2","True"
"531","機工城アレキサンダー零式：律動編3","True"
"532","機工城アレキサンダー零式：律動編4","True"
"533","四国合同演習","True"
"534","双蛇党兵舎",""
"535","不滅隊兵舎",""
"536","黒渦団兵舎",""
"537","範囲攻撃を避けよう！","True"
"538","コンボで敵視を集めよう！","True"
"539","実戦でコンボに挑戦しよう！","True"
"540","複数の敵から敵視を集めよう！","True"
"541","実戦で複数の敵と戦ってみよう！","True"
"542","遠距離から敵視を集めよう！","True"
"543","敵の増援に対応しよう！","True"
"544","味方と協力して敵を倒そう！","True"
"545","味方が引きつけている敵を倒そう！","True"
"546","敵の攻撃を避けながら戦おう！","True"
"547","敵の増援に対応しよう！","True"
"548","ギミックを活用して戦おう！","True"
"549","味方を回復しよう！","True"
"550","複数の味方を回復しよう！","True"
"551","敵の攻撃を避けながら戦おう！","True"
"552","最終訓練！","True"
"553","ミダース・ノット",""
"554","フィールド・オブ・グローリー (砕氷戦)","True"
"555","天竜宮殿 ソール・カイ","True"
"556","禁忌都市マハ","True"
"557","黒渦伝説 ハルブレーカー・アイル (Hard)","True"
"558","宝物庫 アクアポリス","True"
"559","ニーズヘッグ征竜戦","True"
"560","レグラ・ヴァン・ヒュドルス追撃戦","True"
"561","死者の宮殿 (B1～B10F)","True"
"562","死者の宮殿 (B11～B20F)","True"
"563","死者の宮殿 (B21～B30F)","True"
"564","死者の宮殿 (B31～B40F)","True"
"565","死者の宮殿 (B41～B50F)","True"
"566","極ニーズヘッグ征竜戦","True"
"567","パロック繋留基地",""
"568","レオファードの私室",""
"569","雲廊","True"
"570","死者の宮殿",""
"571","亡霊屋敷 ホーンテッドマナー","True"
"572","峻厳渓谷 ゼルファトル","True"
"573","トップマスト：ロビー",""
"574","リリーヒルズ：ロビー",""
"575","ナナモ大風車：ロビー",""
"576","女神ソフィア討滅戦","True"
"577","極女神ソフィア討滅戦","True"
"578","稀書回収 グブラ幻想図書館 (Hard)","True"
"579","トリプルトライアド：カードバトルルーム",""
"580","機工城アレキサンダー：天動編1","True"
"581","機工城アレキサンダー：天動編2","True"
"582","機工城アレキサンダー：天動編3","True"
"583","機工城アレキサンダー：天動編4","True"
"584","機工城アレキサンダー零式：天動編1","True"
"585","機工城アレキサンダー零式：天動編2","True"
"586","機工城アレキサンダー零式：天動編3","True"
"587","機工城アレキサンダー零式：天動編4","True"
"588","ハート・オブ・アレキサンダー",""
"589","LoVM：プレイヤー対戦 (RP変動あり)",""
"590","LoVM：大会対戦",""
"591","LoVM：プレイヤー対戦 (RP変動なし)",""
"592","絡み合う宿命","True"
"593","死者の宮殿 (B51～B60F)","True"
"594","死者の宮殿 (B61～B70F)","True"
"595","死者の宮殿 (B71～B80F)","True"
"596","死者の宮殿 (B81～B90F)","True"
"597","死者の宮殿 (B91～B100F)","True"
"598","死者の宮殿 (B101～B110F)","True"
"599","死者の宮殿 (B111～B120F)","True"
"600","死者の宮殿 (B121～B130F)","True"
"601","死者の宮殿 (B131～B140F)","True"
"602","死者の宮殿 (B141～B150F)","True"
"603","死者の宮殿 (B151～B160F)","True"
"604","死者の宮殿 (B161～B170F)","True"
"605","死者の宮殿 (B171～B180F)","True"
"606","死者の宮殿 (B181～B190F)","True"
"607","死者の宮殿 (B191～B200F)","True"
"608","トップマスト：部屋",""
"609","リリーヒルズ：部屋",""
"610","ナナモ大風車：部屋",""
"611","フロンデール薬学院小児病棟",""
"612","ギラバニア辺境地帯",""
"613","紅玉海",""
"614","ヤンサ",""
"615","巨大防壁 バエサルの長城","True"
"616","海底宮殿 紫水宮","True"
"617","霊峰浄化 ソーム・アル (Hard)","True"
"618","ザ・フィースト (8対8 カスタムマッチ専用 / ウルヴズジェイル演習場)","True"
"619","ザ・フィースト (ウルヴズジェイル演習場：カスタムマッチ）","True"
"620","ギラバニア山岳地帯",""
"621","ギラバニア湖畔地帯",""
"622","アジムステップ",""
"623","伝統試練 バルダム覇道","True"
"624","雲海探索 ディアデム諸島：狩猟限定 (Easy)",""
"625","雲海探索 ディアデム諸島：狩猟限定",""
"626","漂流海域 セイレーン海","True"
"627","影の国ダン・スカー","True"
"628","クガネ",""
"629","温泉宿「望海楼」",""
"630","雲海探索 ディアデム諸島 (採集)",""
"631","ザ・フィースト (8対8 / カジュアルマッチ)","True"
"632","ザ・フィースト (4対4 / カジュアルマッチ)","True"
"633","オメガ起動","True"
"634","アサヒとドマ","True"
"635","ラールガーズリーチ","True"
"636","オメガ管制室","True"
"637","鬼神ズルワーン討滅戦","True"
"638","極鬼神ズルワーン討滅戦","True"
"639","ウルダハ商館応接室",""
"640","荒れ狂う魔力","True"
"641","シロガネ",""
"642","ザ・フィースト (8対8 カスタムマッチ専用 / ライケンウィード演習場)","True"
"644","ザ・フィースト (4対4 / ランクマッチ)","True"
"646","ザ・フィースト (ライケンウィード演習場：カスタムマッチ)","True"
"647","何を以て何を成すか","True"
"648","大切なものを守る力","True"
"649","シロガネ：コテージ",""
"650","シロガネ：ハウス",""
"651","シロガネ：レジデンス",""
"652","シロガネ：プライベートルーム",""
"653","シロガネ：地下工房",""
"654","紅梅御殿：ロビー",""
"655","紅梅御殿：部屋",""
"656","雲海探索 ディアデム諸島 (狩猟)",""
"657","宝探衆縁起譚","True"
"658","再び次元の狭間へ","True"
"659","紅蓮の炎","True"
"660","解放決戦 ドマ城","True"
"661","巨砲要塞 カストルム・アバニア","True"
"662","悪党成敗 クガネ城","True"
"663","壊神修行 星導山寺院","True"
"664","クガネ鎮護結界","True"
"665","ギョドウ現る！","True"
"666","老剣豪ムソウサイ","True"
"667","天地習合","True"
"668","紅の疾風","True"
"669","隠された呪文","True"
"670","新型魔導兵器を撃破せよ","True"
"671","ラールガーの軍星","True"
"672","抗いの果てに","True"
"673","記憶より託されし未来","True"
"674","スサノオ討滅戦","True"
"675","紫炎と真紅","True"
"676","夜の血族","True"
"677","極スサノオ討滅戦","True"
"678","角尊の宝物","True"
"679","神龍討滅戦","True"
"680","海賊船ミゼリー号","True"
"681","烈士庵",""
"682","ドマ町人地",""
"683","ジャナン・カット地下祭壇",""
"684","ウリエンジェの秘策","True"
"685","ゼノス暗殺計画","True"
"686","若者との再会","True"
"687","アラミゴ正門の攻防","True"
"688","終節の合戦","True"
"689","紅蓮決戦 アラミゴ","True"
"690","オメガの消息","True"
"691","次元の狭間オメガ：デルタ編1","True"
"692","次元の狭間オメガ：デルタ編2","True"
"693","次元の狭間オメガ：デルタ編3","True"
"694","次元の狭間オメガ：デルタ編4","True"
"695","次元の狭間オメガ零式：デルタ編1","True"
"696","次元の狭間オメガ零式：デルタ編2","True"
"697","次元の狭間オメガ零式：デルタ編3","True"
"698","次元の狭間オメガ零式：デルタ編4","True"
"699","強襲、銃士隊","True"
"700","我は銃士、友は騎士","True"
"701","不可視の脅威","True"
"702","召喚士の使命","True"
"703","紅葉戦争の秘密","True"
"704","想い込められし歌","True"
"705","ウル王杯闘技会の始まり","True"
"706","さらなる剣術の高みへ","True"
"707","抗う力","True"
"708","海都を震わす人斬りの宴！","True"
"709","極悪人コガラシ","True"
"710","松葉門外の変","True"
"711","ベッコウ島の決闘","True"
"712","宝物庫 ウズネアカナル","True"
"713","漆黒の巨竜","True"
"714","紅の竜騎士","True"
"715","あと三度、遥かな憧憬","True"
"716","あと一度、君に会えたら","True"
"717","原初的な彼女","True"
"718","燃えよゴージ！","True"
"719","ラクシュミ討滅戦","True"
"720","極ラクシュミ討滅戦","True"
"721","たったひとつの「家族」","True"
"722","時をかける願い","True"
"723","影隠忍法帖","True"
"724","次元の狭間","True"
"725","宝物庫 ウズネアカナル深層","True"
"726","鴉の遊戯","True"
"727","アラミゴ王宮屋上庭園",""
"728","モルディオン監獄",""
"729","アストラガロス (機工戦)","True"
"730","極神龍討滅戦","True"
"731","水没遺構 スカラ","True"
"732","禁断の地エウレカ：アネモス編",""
"733","絶バハムート討滅戦","True"
"734","失われた都 ラバナスタ",""
"735","劇場艇プリマビスタ・大道具部屋",""
"736","劇場艇プリマビスタ・ブリッジ",""
"737","アラミゴ王宮",""
"738","超越技術研究所",""
"739","ドマ町人地",""
"740","アラミゴ王宮屋上庭園",""
"741","ヴァレンティオンセレモニー","True"
"742","紅玉火山 獄之蓋","True"
"743","暴走戦艦 フラクタル・コンティニアム (Hard)","True"
"744","帰燕館",""
"745","ザ・フィースト(チーム用ランクマッチ)","True"
"746","白虎征魂戦","True"
"748","次元の狭間オメガ：シグマ編1","True"
"749","次元の狭間オメガ：シグマ編2","True"
"750","次元の狭間オメガ：シグマ編3","True"
"751","次元の狭間オメガ：シグマ編4","True"
"752","次元の狭間オメガ零式：シグマ編1","True"
"753","次元の狭間オメガ零式：シグマ編2","True"
"754","次元の狭間オメガ零式：シグマ編3","True"
"755","次元の狭間オメガ零式：シグマ編4","True"
"756","次元の狭間","True"
"757","再会信じ紅玉海へ","True"
"758","極白虎征魂戦","True"
"759","ドマ町人地",""
"760","カリヤナの敵対者","True"
"761","リオレウス狩猟戦","True"
"762","極リオレウス狩猟戦","True"
"763","禁断の地エウレカ：パゴス編",""
"764","醴泉神社境内",""
"765","ザ・フィースト (ランクマッチ)","True"
"766","ザ・フィースト (カジュアルマッチ)","True"
"767","ザ・フィースト (クリスタルタワー演習場：カスタムマッチ)","True"
"768","風水霊殿 ガンエン廟","True"
"769","「暁」の少年","True"
"770","アメノミハシラ (1～10層)","True"
"771","アメノミハシラ (11～20層)","True"
"772","アメノミハシラ (21～30層)","True"
"773","アメノミハシラ (41～50層)","True"
"774","アメノミハシラ (61～70層)","True"
"775","アメノミハシラ (81～90層)","True"
"776","封じられた聖塔 リドルアナ","True"
"777","絶アルテマウェポン破壊作戦","True"
"778","ツクヨミ討滅戦","True"
"779","極ツクヨミ討滅戦","True"
"780","アメノミハシラ","True"
"781","時をかける亀","True"
"782","アメノミハシラ (31～40層)","True"
"783","アメノミハシラ (51～60層)","True"
"784","アメノミハシラ (71～80層)","True"
"785","アメノミハシラ (91～100層)","True"
"786","カストルム・フルーミニス","True"
"787","リドルアナ大瀑布","True"
"788","草木汚染 聖モシャーヌ植物園 (Hard)","True"
"789","永久焦土 ザ・バーン","True"
"790","新生祭軍事演習","True"
"791","ヒドゥンゴージ (機工戦)","True"
"792","挑戦！ ジャンピングアスレチック (ベラフディア遺跡風)",""
"793","境界戦線 ギムリトダーク","True"
"794","宝物庫 ウズネアカナル祭殿","True"
"795","禁断の地エウレカ：ピューロス編",""
"796","ブルースカイ","True"
"797","楔石の虚","True"
"798","次元の狭間オメガ：アルファ編1","True"
"799","次元の狭間オメガ：アルファ編2","True"
"800","次元の狭間オメガ：アルファ編3","True"
"801","次元の狭間オメガ：アルファ編4","True"
"802","次元の狭間オメガ零式：アルファ編1","True"
"803","次元の狭間オメガ零式：アルファ編2","True"
"804","次元の狭間オメガ零式：アルファ編3","True"
"805","次元の狭間オメガ零式：アルファ編4","True"
"806","真ヨウジンボウ討滅戦","True"
"807","次元の狭間",""
"808","次元の狭間",""
"809","亡霊屋敷 ホーンテッドマナー","True"
"810","朱雀征魂戦","True"
"811","極朱雀征魂戦","True"
"812","次元の狭間",""
"813","レイクランド",""
"814","コルシア島",""
"815","アム・アレーン",""
"816","イル・メグ",""
"817","ラケティカ大森林",""
"818","テンペスト",""
"819","クリスタリウム",""
"820","ユールモア","True"
"821","水妖幻園 ドォーヌ・メグ","True"
"822","偽造天界 グルグ火山","True"
"823","古跡探索 キタンナ神影洞","True"
"824","青龍征魂戦","True"
"825","極青龍征魂戦","True"
"826","楽欲の僧院 オーボンヌ","True"
"827","禁断の地エウレカ：ヒュダトス編",""
"828","劇場艇プリマビスタ・大道具部屋",""
"829","エオルゼア同盟軍本陣",""
"830","英雄への鎮魂歌","True"
"831","魔導雀荘「マンダヴィル」",""
"832","出撃！ エアフォースパイロット",""
"833","来訪せし風の御使","True"
"834","来訪せし風の御使","True"
"836","爽涼離宮 マリカの大井戸","True"
"837","殺戮郷村 ホルミンスター","True"
"838","終末幻想 アーモロート","True"
"839","闇夜に来たる者","True"
"840","異界遺構 シルクス・ツイニング","True"
"841","創造機関 アナイダアカデミア","True"
"842","シルクスの峡間",""
"843","ペンダント居住館：居室",""
"844","星見の間",""
"845","ティターニア討滅戦","True"
"846","イノセンス討滅戦","True"
"847","ハーデス討滅戦","True"
"848","極イノセンス討滅戦","True"
"849","希望の園エデン：覚醒編1","True"
"850","希望の園エデン：覚醒編2","True"
"851","希望の園エデン：覚醒編3","True"
"852","希望の園エデン：覚醒編4","True"
"853","希望の園エデン零式：覚醒編1","True"
"854","希望の園エデン零式：覚醒編2","True"
"855","希望の園エデン零式：覚醒編3","True"
"856","希望の園エデン零式：覚醒編4","True"
"857","エデンコア",""
"858","極ティターニア討滅戦","True"
"859","仕掛けと呪いと毒と","True"
"860","廃都ナバスアレン","True"
"861","ミンフィリア救出作戦","True"
"862","激動のレイクランド","True"
"863","膨らんだ嘘","True"
"864","採掘と破砕","True"
"865","殺害予告？ 人気演奏家を護れ！","True"
"866","真のガンブレイカー","True"
"867","初舞台を舞い踊れ","True"
"868","至上の舞を披露せよ","True"
"869","いつか君が言った言葉","True"
"870","誇り高き追放者","True"
"871","不滅なる名コンビ","True"
"872","やっと、また会えたね","True"
"873","揺れる天秤","True"
"874","古の大再生魔法","True"
"875","勇気の狩人","True"
"876","ナイルベルトの後悔","True"
"877","予感","True"
"878","無の大地",""
"879","宝物庫 リェー・ギア・ダンジョン","True"
"880","イマキュレートクラウン",""
"881","終末のアーモロート",""
"882","複製サレタ工場廃墟","True"
"884","魔法宮殿 グラン・コスモス","True"
"885","極ハーデス討滅戦","True"
"886","イシュガルド：蒼天街",""
"887","絶アレキサンダー討滅戦","True"
"888","オンサル・ハカイル (終節戦)","True"
"889","リェー・メグ",""
"890","リェー・メグ",""
"891","リェー・メグ",""
"892","リェー・メグ",""
"893","白き誓約、黒き密約","True"
"894","この心が望むままに","True"
"895","機械遺跡の坑道",""
"896","複製サレタ工場廃墟","True"
"897","ルビーウェポン破壊作戦","True"
"898","黒風海底 アニドラス・アナムネーシス","True"
"899","挑戦！ ジャンピングアスレチック (ニーム浮遊遺跡風)",""
"900","オーシャンフィッシング",""
"901","雲海採集 ディアデム諸島",""
"902","希望の園エデン：共鳴編1","True"
"903","希望の園エデン：共鳴編2","True"
"904","希望の園エデン：共鳴編3","True"
"905","希望の園エデン：共鳴編4","True"
"906","希望の園エデン零式：共鳴編1","True"
"907","希望の園エデン零式：共鳴編2","True"
"908","希望の園エデン零式：共鳴編3","True"
"909","希望の園エデン零式：共鳴編4","True"
"911","シタデル・ボズヤ蒸発事変","True"
"912","極ルビーウェポン破壊作戦","True"
"913","極シタデル・ボズヤ追憶戦","True"
"914","汝、英雄の眠り妨げるは","True"
"915","ガンゴッシュ",""
"916","漆黒決戦 ノルヴラント","True"
"917","人形タチノ軍事基地","True"
"918","アニドラス・アナムネーシス",""
"919","ターンクリフ",""
"920","南方ボズヤ戦線",""
"921","フロンデール薬学院小児病棟",""
"922","ウォーリア・オブ・ライト討滅戦","True"
"923","極ウォーリア・オブ・ライト討滅戦","True"
"924","宝物庫 リェー・ギア・ダンジョン祭殿","True"
"925","飛べ！ ウェルリトへ","True"
"926","飛べ！ ウェルリトへ","True"
"928","人形タチノ軍事基地",""
"930","幻シヴァ討滅戦","True"
"931","始皇帝の玉座",""
"932","色あせた記憶","True"
"933","魔術工房 マトーヤのアトリエ","True"
"934","エメラルドウェポン破壊作戦","True"
"935","極エメラルドウェポン破壊作戦","True"
"936","グンヒルド・ディルーブラム","True"
"937","グンヒルド・ディルーブラム零式","True"
"938","黄金平原 パガルザン","True"
"939","ディアデム諸島",""
"940","トリプルトライアド：オフィシャルトーナメント",""
"941","トリプルトライアド：カスタムトーナメントルーム",""
"942","希望の園エデン：再生編1","True"
"943","希望の園エデン：再生編2","True"
"944","希望の園エデン：再生編3","True"
"945","希望の園エデン：再生編4","True"
"946","希望の園エデン零式：再生編1","True"
"947","希望の園エデン零式：再生編2","True"
"948","希望の園エデン零式：再生編3","True"
"949","希望の園エデン零式：再生編4","True"
"950","ダイヤウェポン捕獲作戦","True"
"951","極ダイヤウェポン捕獲作戦","True"
"952","異形楼閣 ゾットの塔","True"
"953","幻タイタン討滅戦","True"
"954","バイルブランドの船出","True"
"955","失われた遺跡",""
"956","ラヴィリンソス",""
"957","サベネア島",""
"958","ガレマルド",""
"959","嘆きの海",""
"960","ウルティマ・トゥーレ",""
"961","エルピス",""
"962","オールド・シャーレアン",""
"963","ラザハン",""
"964","失われた遺跡",""
"965","無の大地",""
"966","希望ノ砲台：「塔」","True"
"967","カステッルム・マリヌム・ドライドック",""
"968","絶竜詩戦争","True"
"969","魔導神門 バブイルの塔","True"
"970","終末樹海 ヴァナスパティ","True"
"971","レムレースのオフィス","True"
"972","幻リヴァイアサン討滅戦","True"
"973","最終幻想 レムナント","True"
"974","創造環境 ヒュペルボレア造物院","True"
"975","ザトゥノル高原",""
"976","楽園都市 スマイルトン","True"
"977","黎明の死闘","True"
"978","星海潜航 アイティオン星晶鏡","True"
"979","エンピレアム",""
"980","エンピレアム：コテージ",""
"981","エンピレアム：ハウス",""
"982","エンピレアム：レジデンス",""
"983","エンピレアム：プライベートルーム",""
"984","エンピレアム：地下工房",""
"985","イングルサイド：ロビー",""
"986","電脳夢想 スティグマ・フォー","True"
"987","バルデシオン分館：メインホール",""
"988"," ",""
"989"," ",""
"990","バルデシオン分館：ナップルーム",""
"991","Gセイヴァー戦闘甲板","True"
"992","ゾディアーク討滅戦","True"
"993","極ゾディアーク討滅戦","True"
"994","道化饗宴 ホーンテッドフィースト","True"
"995","ハイデリン討滅戦","True"
"996","極ハイデリン討滅戦","True"
"997","終焉の戦い","True"
"998","終極の戦い","True"
"999","イングルサイド：部屋",""
"1000","宝物庫 エキサイトロン","True"
"1001","作戦立案室",""
"1002","万魔殿パンデモニウム：辺獄編1","True"
"1003","万魔殿パンデモニウム零式：辺獄編1","True"
"1004","万魔殿パンデモニウム：辺獄編2","True"
"1005","万魔殿パンデモニウム零式：辺獄編2","True"
"1006","万魔殿パンデモニウム：辺獄編3","True"
"1007","万魔殿パンデモニウム零式：辺獄編3","True"
"1008","万魔殿パンデモニウム：辺獄編4","True"
"1009","万魔殿パンデモニウム零式：辺獄編4","True"
"1010","霜雪を踏みしめて","True"
"1011","寒夜のこと","True"
"1012","拡がる終末","True"
"1013","暁月のフィナーレ","True"
"1014","前代アゼムの手ほどき","True"
"1015","開かれた道の先へ","True"
"1016","融和への船出","True"
"1017","ドマの弔い","True"
"1018","蒼天を仰ぎ、歩み続ける","True"
"1019","僕たちは還り、君を見送ろう","True"
"1020","大鎌の意味","True"
"1021","暗殺道","True"
"1022","賢者の短杖","True"
"1023","人命は儚く、術のみちは永久に","True"
"1024","神門の間","True"
"1025","パンデモニウム正門","True"
"1026","天の最果て","True"
"1027","ウルティマ・トゥーレ","True"
"1028","月の底","True"
"1029","果ての終焉","True"
"1030","マザークリスタル",""
"1031","プロピュライオン",""
"1032","クリスタルコンフリクト：パライストラ","True"
"1033","クリスタルコンフリクト：ヴォルカニック・ハート","True"
"1034","クリスタルコンフリクト：クラウドナイン","True"
"1035","幻アルテマウェポン破壊作戦","True"
"1036","天然要害 サスタシャ浸食洞","True"
"1037","地下霊殿 タムタラの墓所","True"
"1038","封鎖坑道 カッパーベル銅山","True"
"1039","監獄廃墟 トトラクの千獄","True"
"1040","名門屋敷 ハウケタ御用邸","True"
"1041","奪還支援 ブレイフロクスの野営地","True"
"1042","城塞攻略 ストーンヴィジル","True"
"1043","外郭攻略 カストルム・メリディアヌム","True"
"1044","最終決戦 魔導城プラエトリウム","True"
"1045","イフリート討伐戦","True"
"1046","タイタン討伐戦","True"
"1047","ガルーダ討伐戦","True"
"1048","アルテマウェポン破壊作戦","True"
"1049","リットアティン強襲戦","True"
"1050","近東秘宝 アルザダール海底遺跡群","True"
"1051","ネルウァの帝国","True"
"1052","アシエン・ラハブレア討伐戦","True"
"1053","ポルタ・デクマーナ","True"
"1054","輝ける神域 アグライア","True"
"1056","封宝の間","True"
"1057","ヌーメノン大書院：禁書庫","True"
"1058","クリスタルコンフリクト：パライストラ (カスタムマッチ)","True"
"1059","クリスタルコンフリクト：ヴォルカニック・ハート (カスタムマッチ)","True"
"1060","クリスタルコンフリクト：クラウドナイン (カスタムマッチ)","True"
"1061","オムファロス",""
"c_399","木人討滅戦：蒼天編",""
"c_612","木人討滅戦：紅蓮編",""
"c_814","木人討滅戦：漆黒編",""
"c_827","バルデシオンアーセナル",""
"c_920","クリティカルエンゲージメント",""
"c_957","木人討滅戦：暁月編",""
"c_975","クリティカルエンゲージメント",""
"c_956","【テスト】特殊コンテンツ",""
"d_1CA","赤チョコボのヌシ「レッドコメット」",""
"d_1CB","鋼鉄の魔獣「ダーインスレイヴ」",""
"d_1CC","戦争の妖犬「カニスディルス」",""
"d_1CD","黒き死鳥「アクババ」",""
"d_1CE","邪眼の妖獣「エアレー」",""
"d_1D0","高火力陸戦魔導兵器「ヴィジル」",""
"d_1D1","拠点防衛魔導兵器「パトリオット」",""
"d_1D4","腐乱野菜「ピーリフール」",""
"d_1D5","怨念の死霊「スパルトイ」",""
"d_1D6","炎獣使い「火焔百人隊」",""
"d_1D7","カストルム・ラクスリトレ攻城戦",""
"d_1D8","カストルム・ラクスリトレ攻城戦",""
"d_1D9","カストルム・ラクスリトレ攻城戦",""
"d_1DA","カストルム・ラクスリトレ攻城戦",""
"d_1DC","戦慄の角「チルヴニク」",""
"d_1DF","新たなる鉄巨人「魔導レイバーX型」",""
"d_207","輝ける虹蛇「アイダ」",""
"d_20E","試作飛行型魔導アーマー「ブラックバーン」",""
"d_20F","邪悪なる氷狼「フローズヴィトニル」",""
"d_210","異界の廃王「ハンビ」",""
"d_211","妖霊使い「妖戦百人隊」",""
"d_212","模造統制者「IVレギオン・ハシュマリム」",""
"d_213","旗艦ダル･リアータ攻略戦",""
"d_214","旗艦ダル･リアータ攻略戦",""
"d_215","旗艦ダル･リアータ攻略戦",""
"d_216","旗艦ダル･リアータ攻略戦",""
"d_217","旗艦ダル･リアータ攻略戦",""
"d_218","新兵器投入「機甲百人隊」",""
"d_21B","模造密告者「IVレギオン・シュミハザ」",""
"d_21D","模造魔人「IVレギオン・ベリアス」",""
"d_221","焦土の魔蠍「ヘデテト」",""
"d_222","有角の凶鳥「アルコノスト」",""
"s_88B9","デビューマッチ",""
"s_88BA","プリン・アラモード",""
"s_88BB","最初の岩壁「シパクナー」",""
"s_88BC","怪力の鉄巨人「クレイオス」",""
"s_88BD","ギルガメブラザーズ",""
"s_88BE","ブラインド・フューリー",""
"s_88BF","シアーハートアタック",""
"s_88C0","青い牙、赤い牙",""
"s_88C1","七色の甘味「ギモーヴ」",""
"s_88C2","偶像の王者「クロムドゥーブ」",""
"s_88C3","爆ボム・ファーストアタック",""
"s_88C4","寄生植物「ヒドノラ」",""
"s_88C5","紅の死妖姫「カーミラ」",""
"s_88C6","死なばもろともーッ！",""
"s_88C7","アラグの脅威「闘獣システム」",""
"s_88C8","豪腕の獣王「ティクバラン」",""
"s_88C9","豪柔の鉄巨人「クレイオス改」",""
"s_88CA","爆破デスマッチ",""
"s_88CB","魅惑の芳香「リフレクティブ・レベッカ」",""
"s_88CC","名コンビ「オルトロス＆テュポーン」",""
"s_88CD","憤怒の合成獣「アペデマク」",""
"s_88CE","爆発の対消滅「グランパボム」",""
"s_88CF","魔獣の皇太子「クロンプリンツ・ベヒーモス」",""
"s_88D0","異形の人形師「エペロギ」",""
"s_88D1","悪の青魔道士「アポカリョープス」",""
"s_88D2","豪腕の父親「フンババ・パパ」",""
"s_88D3","はないき爆破デスマッチ",""
"s_88D4","至妙の傀儡子「ドゥリン」",""
"s_88D5","水と炎の歌",""
"s_88D6","世界一の剣士「ジークフリード」",""
"s_88D7","黄金頭巾「ものまね士ゴゴ」",""
"content_victory",":40000007:00:00:00:00",""
"content_fadeout","40000010",""
"content_restart","40000006",""
"zone_exception","250|376|431|554|619|632|644|646|729|733|745|767|791|888|1032|1033|1034|1058|1059|1060",""
"map_contentfields","Eureka Anemos|Eureka Pagos|Eureka Pyros|Eureka Hydatos|The Diadem|Bozjan Southern Front|Zadnor|Castrum Lacus Litore|The Dalriada",""
"clear_dynamicevent",":80000005:00:00:00:00",""
"clear_dpschallenge","木人討滅戦を達成した！|木人討滅戦に失敗した……",""
"zone_nametoggle30","796|テスト用ダミーゾーン",""
